<?xml version="1.0" standalone="yes"?>
<EmoticonSet>
    <name>花千骨2D</name>
    <parentId>55826b9e0cf2de8602c56d8e</parentId> 
    <line>2</line>
    <row>4</row>
    <iconUri>55826b9e0cf2de8602c56d8e.j</iconUri>
    <iconUrl>http://dev.mo-image.com/image/2015/07/HS/78510fedc117647b362401dae719dce7.png</iconUrl>
    <iconName></iconName>
    <isShowDelBtn></isShowDelBtn>
    <itemPadding></itemPadding>
    <horizontalSpacing></horizontalSpacing>
    <verticalSpacing></verticalSpacing> 
    <EmoticonBeans>
        <EmoticonBean>
            <eventType>2</eventType> 
            <id>1</id> 
            <tag>静静</tag>
            <useStat></useStat>
            <iconUri>55826b9e0cf2de8602c56d8e_1.j</iconUri>
            <gifUri>55826b9e0cf2de8602c56d8e_1.g</gifUri>
            <iconUrl>http://img.mo-image.com/image/2015/06/K4/46b7abafdb2095b5f0d4fc7527df009c.gif</iconUrl>
            <gifUrl>http://img.mo-image.com/image/2015/06/ZR/457c674babd47debc0b9143dc27d4bc8.gif</gifUrl>
            <content></content>
        </EmoticonBean> 
        <EmoticonBean>
            <eventType>2</eventType> 
            <id>2</id> 
            <tag>静静</tag>
            <useStat></useStat>
            <iconUri>55826b9e0cf2de8602c56d8e_2.j</iconUri>
            <gifUri>55826b9e0cf2de8602c56d8e_2.g</gifUri>
            <iconUrl>http://img.mo-image.com/image/2015/06/49/9ff505797663c8fd3f0cdf19093073b2.gif</iconUrl>
            <gifUrl>http://img.mo-image.com/image/2015/06/8O/a4e82f1b7429600e8f8e2b4ee73f63ef.gif</gifUrl>
            <content></content>
        </EmoticonBean> 
        <EmoticonBean>
            <eventType>2</eventType> 
            <id>3</id> 
            <tag>静静</tag>
            <useStat></useStat>
            <iconUri>55826b9e0cf2de8602c56d8e_3.j</iconUri>
            <gifUri>55826b9e0cf2de8602c56d8e_3.g</gifUri>
            <iconUrl>http://img.mo-image.com/image/2015/06/HJ/7cce393e53b47e80467ef7c1af93007f.gif</iconUrl>
            <gifUrl>http://img.mo-image.com/image/2015/06/G3/d769faf91ff0ba70427f5319fa2c8365.gif</gifUrl>
            <content></content>
        </EmoticonBean> 
        <EmoticonBean>
            <eventType>2</eventType> 
            <id>4</id> 
            <tag>静静</tag>
            <useStat></useStat>
            <iconUri>55826b9e0cf2de8602c56d8e_4.j</iconUri>
            <gifUri>55826b9e0cf2de8602c56d8e_4.g</gifUri>
            <iconUrl>http://img.mo-image.com/image/2015/06/NU/410e1d14937bcb80959c2da26f6fac36.gif</iconUrl>
            <gifUrl>http://img.mo-image.com/image/2015/06/52/c07b18b0cc65090cb3a7f4a4faa7d9f4.gif</gifUrl>
            <content></content>
        </EmoticonBean> 
        <EmoticonBean>
            <eventType>2</eventType> 
            <id>5</id> 
            <tag>静静</tag>
            <useStat></useStat>
            <iconUri>55826b9e0cf2de8602c56d8e_5.j</iconUri>
            <gifUri>55826b9e0cf2de8602c56d8e_5.g</gifUri>
            <iconUrl>http://img.mo-image.com/image/2015/06/OY/52c5271857ebdda62c7bb6b26f2bfa04.gif</iconUrl>
            <gifUrl>http://img.mo-image.com/image/2015/06/2N/651f92bc89a75833969b272a9bf31066.gif</gifUrl>
            <content></content>
        </EmoticonBean> 
        <EmoticonBean>
            <eventType>2</eventType> 
            <id>6</id> 
            <tag>静静</tag>
            <useStat></useStat>
            <iconUri>55826b9e0cf2de8602c56d8e_6.j</iconUri>
            <gifUri>55826b9e0cf2de8602c56d8e_6.g</gifUri>
            <iconUrl>http://img.mo-image.com/image/2015/06/J6/d27e9b82d38e92c48525846986790d39.gif</iconUrl>
            <gifUrl>http://img.mo-image.com/image/2015/06/SD/2d65623c8a33cb43680399ac4a9544cd.gif</gifUrl>
            <content></content>
        </EmoticonBean> 
        <EmoticonBean>
            <eventType>2</eventType> 
            <id>7</id> 
            <tag>静静</tag>
            <useStat></useStat>
            <iconUri>55826b9e0cf2de8602c56d8e_7.j</iconUri>
            <gifUri>55826b9e0cf2de8602c56d8e_7.g</gifUri>
            <iconUrl>http://img.mo-image.com/image/2015/06/JA/a1071632a804e1a3b5c2e0b2ef2e2118.gif</iconUrl>
            <gifUrl>http://img.mo-image.com/image/2015/06/70/1724db5120e77b7ff509c9caf2206036.gif</gifUrl>
            <content></content>
        </EmoticonBean> 
        <EmoticonBean>
            <eventType>2</eventType> 
            <id>8</id> 
            <tag>静静</tag>
            <useStat></useStat>
            <iconUri>55826b9e0cf2de8602c56d8e_8.j</iconUri>
            <gifUri>55826b9e0cf2de8602c56d8e_8.g</gifUri>
            <iconUrl>http://img.mo-image.com/image/2015/06/1G/b2895275496afff84c2c2e580f8649f0.gif</iconUrl>
            <gifUrl>http://img.mo-image.com/image/2015/06/GV/1c3a45593ea21069028866bdb4b00eb4.gif</gifUrl>
            <content></content>
        </EmoticonBean> 
        <EmoticonBean>
            <eventType>2</eventType> 
            <id>9</id> 
            <tag>静静</tag>
            <useStat></useStat>
            <iconUri>55826b9e0cf2de8602c56d8e_9.j</iconUri>
            <gifUri>55826b9e0cf2de8602c56d8e_9.g</gifUri>
            <iconUrl>http://img.mo-image.com/image/2015/06/Q0/f17760970110c207d2f2dd02e5715bfa.gif</iconUrl>
            <gifUrl>http://img.mo-image.com/image/2015/06/SY/f5166f80046e82fd0fac102b942256a4.gif</gifUrl>
            <content></content>
        </EmoticonBean> 
        <EmoticonBean>
            <eventType>2</eventType> 
            <id>10</id> 
            <tag>静静</tag>
            <useStat></useStat>
            <iconUri>55826b9e0cf2de8602c56d8e_10.j</iconUri>
            <gifUri>55826b9e0cf2de8602c56d8e_10.g</gifUri>
            <iconUrl>http://img.mo-image.com/image/2015/06/4R/9f19f31d22119979744e813d0369d86c.gif</iconUrl>
            <gifUrl>http://img.mo-image.com/image/2015/06/M9/0333cc994abfeb729df686fcba88d6d4.gif</gifUrl>
            <content></content>
        </EmoticonBean> 
        <EmoticonBean>
            <eventType>2</eventType> 
            <id>11</id> 
            <tag>静静</tag>
            <useStat></useStat>
            <iconUri>55826b9e0cf2de8602c56d8e_11.j</iconUri>
            <gifUri>55826b9e0cf2de8602c56d8e_11.g</gifUri>
            <iconUrl>http://img.mo-image.com/image/2015/06/3L/1ea7a5996a2fc80b693e526af2935b90.gif</iconUrl>
            <gifUrl>http://img.mo-image.com/image/2015/06/OQ/c4e5ee903824785dfd69d24af65cc0ca.gif</gifUrl>
            <content></content>
        </EmoticonBean> 
    </EmoticonBeans>
</EmoticonSet>